<?xml version="1.0" encoding="UTF-8"?>
<!DOCTYPE configuration PUBLIC "-//mybatis.org//DTD Config 3.0//EN" "http://mybatis.org/dtd/mybatis-3-config.dtd">
<configuration>

	<settings>
		<setting name="cacheEnabled" value="false" />
		<setting name="lazyLoadingEnabled" value="false" />
		<setting name="multipleResultSetsEnabled" value="true" />
		<setting name="useColumnLabel" value="true" />
		<setting name="defaultExecutorType" value="REUSE" />
		<setting name="defaultStatementTimeout" value="25000" />
	</settings>
	<typeAliases>
		<typeAlias type="com.qianbao.account.model.AccountInfo" alias="AccountInfo" />
		<typeAlias type="com.qianbao.account.model.AccountRecord" alias="AccountRecord" />
		<typeAlias type="com.qianbao.account.model.AccountLog" alias="AccountLog" />
	</typeAliases>
	<mappers>
		<mapper resource="mybatisMappers/accountMapper.xml" />
	</mappers>

</configuration>