<?xml version="1.0" encoding="UTF-8"?>
<beans xmlns="http://www.springframework.org/schema/beans"
	xmlns:xsi="http://www.w3.org/2001/XMLSchema-instance" xmlns:context="http://www.springframework.org/schema/context"
	xmlns:mvc="http://www.springframework.org/schema/mvc"
	xsi:schemaLocation="http://www.springframework.org/schema/mvc http://www.springframework.org/schema/mvc/spring-mvc-4.0.xsd
		http://www.springframework.org/schema/beans http://www.springframework.org/schema/beans/spring-beans-4.0.xsd
		http://www.springframework.org/schema/context http://www.springframework.org/schema/context/spring-context-4.0.xsd">

	<!-- 自动扫描且只扫描@Controller -->
	<context:component-scan base-package="com.qianbao.account"
		use-default-filters="false">
		<context:include-filter type="annotation"
			expression="org.springframework.stereotype.Controller" />
		<context:include-filter type="annotation"
			expression="org.springframework.web.bind.annotation.ControllerAdvice" />
	</context:component-scan>

	<mvc:annotation-driven>
		<mvc:message-converters register-defaults="true">
			<!-- 将StringHttpMessageConverter的默认编码设为UTF-8 -->
			<bean class="org.springframework.http.converter.StringHttpMessageConverter">
				<constructor-arg value="UTF-8" />
			</bean>
				<!-- 将Jackson2HttpMessageConverter的默认格式化输出设为true -->
			<bean class="org.springframework.http.converter.json.MappingJackson2HttpMessageConverter">
                <property name="prettyPrint" value="true"/>
                <property name="objectMapper"> 
                    <bean class="com.fasterxml.jackson.databind.ObjectMapper">
                        <!-- 处理responseBody 里面日期类型 --> 
                        <property name="dateFormat"> 
                            <bean class="java.text.SimpleDateFormat"> 
                                <constructor-arg type="java.lang.String" value="yyyy-MM-dd HH:mm:ss" /> 
                            </bean> 
                        </property>
                        <!-- 为null字段时不显示 -->
                        <property name="serializationInclusion">
                            <value type="com.fasterxml.jackson.annotation.JsonInclude.Include">NON_NULL</value>
                        </property>
                    </bean> 
                </property> 
            </bean>	
            
          
		</mvc:message-converters>
	</mvc:annotation-driven>


	<!-- 定义无需Controller的url<->view直接映射 -->
	<mvc:view-controller path="/" view-name="redirect:/task" />

	<!-- 将Controller抛出的异常转到特定View, 保持SiteMesh的装饰效果 -->
	<bean
		class="org.springframework.web.servlet.handler.SimpleMappingExceptionResolver">
		<property name="exceptionMappings">
			<props>
				<prop key="java.lang.Throwable">error/500</prop>
			</props>
		</property>
	</bean>
</beans>
